"Test Suite","Test Case","Test Step","Step Type","Step Status","Result message","Execution Date"
"library","Reporting_Utility","GenerateCSVReport","groovy","OK","Message:Script-result: com.eviware.soapui.impl.wsdl.teststeps.WsdlTestStepResult@1f58895b
","03-Jul-2024 18_13",
"library","Reporting_Utility","GenerateCSVReport","groovy","OK","Message:Script-result: com.eviware.soapui.impl.wsdl.teststeps.WsdlTestStepResult@1f58895b
","03-Jul-2024 18_13",
"library","Reporting_Utility","GenerateCSVReport","groovy","OK","Message:Script-result: com.eviware.soapui.impl.wsdl.teststeps.WsdlTestStepResult@1f58895b
","03-Jul-2024 18_13",
"library","Reporting_Utility","GenerateCSVReport","groovy","OK","Message:Script-result: com.eviware.soapui.impl.wsdl.teststeps.WsdlTestStepResult@1f58895b
","03-Jul-2024 18_13",
"library","Reporting_Utility","GenerateCSVReport","groovy","OK","Message:Script-result: com.eviware.soapui.impl.wsdl.teststeps.WsdlTestStepResult@1f58895b
","03-Jul-2024 18_13",
"library","Reporting_Utility","GenerateCSVReport","groovy","OK","Message:Script-result: com.eviware.soapui.impl.wsdl.teststeps.WsdlTestStepResult@1f58895b
","03-Jul-2024 18_13",
"library","Reporting_Utility","GenerateCSVReport","groovy","OK","Message:Script-result: com.eviware.soapui.impl.wsdl.teststeps.WsdlTestStepResult@1f58895b
","03-Jul-2024 18_13",
"library","Reporting_Utility","GenerateCSVReport","groovy","OK","Message:Script-result: com.eviware.soapui.impl.wsdl.teststeps.WsdlTestStepResult@1f58895b
","03-Jul-2024 18_13",
"library","Reporting_Utility","GenerateCSVReport","groovy","OK","Message:Script-result: com.eviware.soapui.impl.wsdl.teststeps.WsdlTestStepResult@1f58895b
","03-Jul-2024 18_13",
"library","Reporting_Utility","GenerateCSVReport","groovy","OK","Message:Script-result: com.eviware.soapui.impl.wsdl.teststeps.WsdlTestStepResult@1f58895b
","03-Jul-2024 18_13",
"library","Reporting_Utility","GenerateCSVReport","groovy","OK","Message:Script-result: com.eviware.soapui.impl.wsdl.teststeps.WsdlTestStepResult@1f58895b
","03-Jul-2024 18_13",
"library","Reporting_Utility","GenerateCSVReport","groovy","OK","Message:Script-result: com.eviware.soapui.impl.wsdl.teststeps.WsdlTestStepResult@1f58895b
","03-Jul-2024 18_13",